id;user_id;search_id;apollo_credits;aleads_credits;lusha_credits;created_at;updated_at;contacts_count;enriched_contacts_count;apollo_email_credits;apollo_phone_credits;grand_total_credits
008f11da-4235-45e6-b4bc-30983a82192c;b71b9ee5-7c13-403f-b46a-97efa3a316d1;b92047e1-4db4-4b59-a6fa-bc2cc40f5df6;45;1;0;2025-11-21 16:53:27.27494+00;2025-11-21 16:53:27.27494+00;0;0;0;0;0
8e36638e-1115-473a-993e-b340bdf02744;b71b9ee5-7c13-403f-b46a-97efa3a316d1;150297b8-ad1c-43e8-a3fd-8db2e5a6735f;45;1;0;2025-11-21 17:03:21.377139+00;2025-11-21 17:03:21.377139+00;0;0;0;0;0
76cd7147-1d05-42b4-a167-b32590e784ae;b71b9ee5-7c13-403f-b46a-97efa3a316d1;8c711415-73cf-46ab-8e0a-95596648a72e;45;1;0;2025-11-21 17:22:52.332308+00;2025-11-21 17:22:52.332308+00;0;0;0;0;0
b3c0a7d8-cb2f-4864-b48b-3def7b458582;b71b9ee5-7c13-403f-b46a-97efa3a316d1;c1b73c24-4bd7-41f5-a3e5-57edec93bd2e;45;1;0;2025-11-21 17:24:49.099474+00;2025-11-21 17:24:49.099474+00;0;0;0;0;0
45ea8033-8050-4461-8f4a-fa56e2b3e34c;b71b9ee5-7c13-403f-b46a-97efa3a316d1;cb94b092-0914-4441-8426-5e44ce0f12de;45;1;0;2025-11-21 17:26:48.490764+00;2025-11-21 17:26:48.490764+00;0;0;0;0;0
de522434-5f33-4b01-a2dc-be3e5f994f71;b71b9ee5-7c13-403f-b46a-97efa3a316d1;9217fe16-e6db-4f4a-86b3-d0f91fae123a;45;1;0;2025-11-21 17:32:37.574415+00;2025-11-21 17:32:37.574415+00;0;0;0;0;0
f57d92e1-4a0a-4f02-a7a2-c315fc15d42e;b71b9ee5-7c13-403f-b46a-97efa3a316d1;65e507ce-62c7-47dc-b4cb-6a8d11c51911;90;0;0;2025-11-24 10:46:22.701598+00;2025-11-24 10:46:22.701598+00;0;0;0;0;0
fe7d33da-7dd6-4779-9e06-409ded80e536;b71b9ee5-7c13-403f-b46a-97efa3a316d1;b254fd74-68d2-4a5a-8f92-3fa50c094161;10;0;0;2025-11-24 11:06:42.348907+00;2025-11-24 11:06:42.348907+00;0;0;0;0;0
2655be5f-0d7a-4403-8300-858f23277e6c;b71b9ee5-7c13-403f-b46a-97efa3a316d1;2e517624-d73b-4167-91a9-dbbc6846410a;20;0;0;2025-11-24 11:17:41.866614+00;2025-11-24 11:17:41.866614+00;0;0;0;0;0
61ccc052-1eda-41b5-95f3-313420463a2c;b71b9ee5-7c13-403f-b46a-97efa3a316d1;ebc9272b-69f3-472e-920d-3fd51607f935;112;3;0;2025-11-26 10:31:02.103095+00;2025-11-26 10:31:02.103095+00;0;0;0;0;0
bbe98ed3-bf1c-4647-b1aa-86d53ce21890;b71b9ee5-7c13-403f-b46a-97efa3a316d1;5b97f099-4ae9-49b3-96e5-8fcdd0521b8a;81;7;0;2025-11-26 11:01:10.588606+00;2025-11-26 11:01:10.588606+00;0;0;0;0;0
b898a3c8-6040-4f7b-a699-b2db72c894cd;b71b9ee5-7c13-403f-b46a-97efa3a316d1;3379b7dd-c487-4339-9dbb-903f560d4a3d;2;0;0;2025-11-26 11:40:56.868537+00;2025-11-26 11:40:56.868537+00;0;0;0;0;0
a5935306-2ee7-42a6-a65b-abe803ef119e;b71b9ee5-7c13-403f-b46a-97efa3a316d1;e2fe20d8-6656-4c45-b200-845cf1aef32c;2;0;0;2025-11-26 11:51:05.876454+00;2025-11-26 11:51:05.876454+00;0;0;0;0;0
9f817213-0c30-4529-9317-9f2b940f86bc;bba17cb9-8d78-4503-8b1d-f47a3cd2e4f8;e83b0497-1b5f-4790-acea-0e63cd87defb;27;0;0;2025-11-26 14:20:59.240547+00;2025-11-26 14:20:59.240547+00;0;0;0;0;0
4a6ae5b2-a653-4632-ab00-bf2e2b5f0040;4272e641-ed75-4390-8100-98e4ed949581;ccb74e11-0a7d-4a59-a663-f92b34177eee;1;0;0;2025-11-27 16:10:56.947772+00;2025-11-27 16:10:56.947772+00;0;0;0;0;0
83c314f6-6bf9-4fb3-8f58-0657e1110fd1;b71b9ee5-7c13-403f-b46a-97efa3a316d1;6e1c378f-62f6-427d-bd53-0429e5aa2dc6;1;0;0;2025-11-27 20:41:00.765913+00;2025-11-27 20:41:00.765913+00;0;0;0;0;0
15c1774d-5b83-4dc3-bb9b-7cfa8c8789f9;bba17cb9-8d78-4503-8b1d-f47a3cd2e4f8;98b90893-a535-4388-a62d-1e9864074284;18;0;0;2025-11-28 10:50:56.218049+00;2025-11-28 10:50:56.218049+00;0;0;0;0;0
7f77af24-4ae2-48de-8efc-a8a6cd0b342d;bba17cb9-8d78-4503-8b1d-f47a3cd2e4f8;0bc20037-50ed-4436-9488-8138f6ae2adb;18;0;0;2025-11-28 14:46:12.697938+00;2025-11-28 14:46:12.697938+00;0;0;0;0;0
fc8a6b3c-cc63-405a-9727-9852d32a5c63;b71b9ee5-7c13-403f-b46a-97efa3a316d1;c4f631e1-6134-4094-b456-27a91b2b6edc;2;0;0;2025-11-28 15:25:56.080729+00;2025-11-28 15:25:56.080729+00;0;0;0;0;0
349f24c1-af14-4d60-b153-d96c90190713;b71b9ee5-7c13-403f-b46a-97efa3a316d1;f3b5275e-60c1-4aa1-8c00-42c739b973cd;1;0;0;2025-12-03 15:00:51.622171+00;2025-12-03 15:00:51.622171+00;0;0;0;0;0
be53c260-caa6-4768-a78b-ef57e6d75ce6;4272e641-ed75-4390-8100-98e4ed949581;1cdc079d-3e69-4ac4-8e9b-05893afbe721;27;0;0;2025-12-03 15:20:53.819489+00;2025-12-03 15:20:53.819489+00;0;0;0;0;0
6c83b08b-263e-4b0f-b881-f1212a206427;4272e641-ed75-4390-8100-98e4ed949581;d1050d8f-0618-4fe8-8c7a-858acac8ad42;18;0;0;2025-12-03 16:35:49.457438+00;2025-12-03 16:35:49.457438+00;0;0;0;0;0
45187ce1-3a87-4e65-957a-a299847d92c5;4272e641-ed75-4390-8100-98e4ed949581;5869e4d7-098d-4856-9be2-30c01d0c8e08;18;0;0;2025-12-03 16:35:49.548376+00;2025-12-03 16:35:49.548376+00;0;0;0;0;0
785a8536-efcb-496a-a1b9-db651921e7d4;4272e641-ed75-4390-8100-98e4ed949581;f93f65c4-e3b7-40a1-811c-74e14188cf55;18;0;0;2025-12-03 16:35:49.658163+00;2025-12-03 16:35:49.658163+00;0;0;0;0;0
04567be8-11d4-4645-84aa-ab33aa706c92;4272e641-ed75-4390-8100-98e4ed949581;1948ed59-9df6-43fe-b846-95316a88ee37;18;0;0;2025-12-03 16:35:49.784135+00;2025-12-03 16:35:49.784135+00;0;0;0;0;0
65d1f069-fb12-49f1-8c17-09a5a62b7315;4272e641-ed75-4390-8100-98e4ed949581;ddc73fac-e1ff-4d21-a940-25130a63be39;18;0;0;2025-12-03 16:35:50.31797+00;2025-12-03 16:35:50.31797+00;0;0;0;0;0
165526ae-9e41-4c31-b526-1e034ab1b392;4272e641-ed75-4390-8100-98e4ed949581;f9acd611-218a-409a-adfc-3ae03f3c44d2;18;0;0;2025-12-03 16:40:54.347357+00;2025-12-03 16:40:54.347357+00;0;0;0;0;0
a1a4a611-72ea-4e76-961d-c1538745be18;4272e641-ed75-4390-8100-98e4ed949581;732445fe-a6e9-4821-84a5-65842a517e7e;18;0;0;2025-12-03 16:40:57.372488+00;2025-12-03 16:40:57.372488+00;0;0;0;0;0
d0c869fb-37ab-4158-87c6-dcdcd10b476d;4272e641-ed75-4390-8100-98e4ed949581;11463af4-61c1-4c8b-8890-fcc414aa9c0e;18;0;0;2025-12-03 16:40:57.391093+00;2025-12-03 16:40:57.391093+00;0;0;0;0;0
2dfb894f-1291-4697-973e-3eed90c5c90d;4272e641-ed75-4390-8100-98e4ed949581;56231621-fe1d-44b8-9f8a-35fce57097c0;9;0;0;2025-12-03 16:40:57.632769+00;2025-12-03 16:40:57.632769+00;0;0;0;0;0
8061399f-b96d-4c32-a501-9e96d007b2d9;4272e641-ed75-4390-8100-98e4ed949581;c890afc9-1cc2-4212-bb29-81531ed97eaf;18;0;0;2025-12-03 16:40:57.871247+00;2025-12-03 16:40:57.871247+00;0;0;0;0;0
23a5bbf4-67ce-491b-a226-1664f5b97f8c;4272e641-ed75-4390-8100-98e4ed949581;ec838a79-2f16-413b-b6e0-6574403306cb;1;0;0;2025-12-03 16:40:58.782565+00;2025-12-03 16:40:58.782565+00;0;0;0;0;0
00fe71e8-fb9c-4caf-8e40-4d08610d97fa;4272e641-ed75-4390-8100-98e4ed949581;90ed4fa6-f12e-4208-9995-d70506e2f29e;9;0;0;2025-12-03 16:45:47.716712+00;2025-12-03 16:45:47.716712+00;0;0;0;0;0
86cec7cd-2c21-4593-adf8-7c005ae31dda;b71b9ee5-7c13-403f-b46a-97efa3a316d1;c3bd914d-dabc-4760-8e5a-7dcc18ebfd4c;2;0;0;2025-12-04 13:45:50.613352+00;2025-12-04 13:45:50.613352+00;0;0;0;0;0
7f140826-709d-4ba5-8847-db638c338035;b71b9ee5-7c13-403f-b46a-97efa3a316d1;b1b5e407-ab62-45c1-9256-0ced8055d3a2;2;0;0;2025-12-04 14:15:54.68241+00;2025-12-04 14:15:54.68241+00;0;0;0;0;0
dadd3d41-d8be-464e-ad17-cdec1eacfbd5;b71b9ee5-7c13-403f-b46a-97efa3a316d1;8badf1d7-0c8e-4400-ad19-ad37fa39568c;18;0;0;2025-12-04 14:25:51.968782+00;2025-12-04 14:25:51.968782+00;0;0;0;0;0
d6d21395-4bb9-4b88-b8e9-5ba55268a373;b71b9ee5-7c13-403f-b46a-97efa3a316d1;796d0e63-88fc-4f13-a854-ba95edfcb3b7;18;0;0;2025-12-04 14:35:59.776444+00;2025-12-04 14:35:59.776444+00;0;0;0;0;0
0d703483-0304-4f86-96e7-e90cac261593;b71b9ee5-7c13-403f-b46a-97efa3a316d1;56dd85c6-fe86-49b8-87e1-763f74c4d13f;9;0;0;2025-12-05 12:40:56.754703+00;2025-12-05 12:40:56.754703+00;0;0;0;0;0
f11619f6-6b80-4443-9c3a-15b02936726d;b71b9ee5-7c13-403f-b46a-97efa3a316d1;3035ae46-1013-4521-b5a5-3cbd0925077d;27;0;0;2025-12-05 12:46:03.183226+00;2025-12-05 12:46:03.183226+00;0;0;0;0;0
afb582fb-a0e3-4efc-b579-f12e74b7cdb6;b71b9ee5-7c13-403f-b46a-97efa3a316d1;e8283cbb-913f-4dbe-9979-08e2237cbc65;63;0;0;2025-12-17 18:06:14.426064+00;2025-12-17 18:06:14.426064+00;0;0;0;0;0
cf54dd4f-ea58-4b45-b43b-c65cc4d184cd;b71b9ee5-7c13-403f-b46a-97efa3a316d1;83fa1adf-f24d-41b8-afa2-235080888153;63;4;0;2025-12-18 18:02:05.336603+00;2025-12-18 18:02:05.336603+00;0;0;0;0;0
b92f6720-3af9-44a0-b13f-a9d2c799def3;b71b9ee5-7c13-403f-b46a-97efa3a316d1;7e56c937-c7c7-4f21-a9ec-009eee5f83d1;63;4;0;2025-12-19 00:41:52.743565+00;2025-12-19 00:41:52.743565+00;0;0;0;0;0
18b0c8ec-93de-4017-afe7-041d4b2c43be;b71b9ee5-7c13-403f-b46a-97efa3a316d1;13b385b9-3c7c-44a2-80ce-8ef6a77839db;63;5;0;2025-12-19 03:26:21.211549+00;2025-12-19 03:26:21.211549+00;0;0;0;0;0
d376c469-7bfb-4931-b7ef-4313e4a82ae2;b71b9ee5-7c13-403f-b46a-97efa3a316d1;13b385b9-3c7c-44a2-80ce-8ef6a77839db;63;30;0;2025-12-19 10:51:29.707793+00;2025-12-19 10:51:29.707793+00;0;0;0;0;0
90d2fbac-26d1-4182-81e8-3e4692a8547a;b71b9ee5-7c13-403f-b46a-97efa3a316d1;13b385b9-3c7c-44a2-80ce-8ef6a77839db;63;30;0;2025-12-19 10:59:07.48337+00;2025-12-19 10:59:07.48337+00;0;0;0;0;0
a4472851-0d3d-4414-8229-c916672b08a7;b71b9ee5-7c13-403f-b46a-97efa3a316d1;f9937f7d-4574-4588-9635-c950f8fb58f8;36;0;0;2025-12-19 23:25:02.640118+00;2025-12-19 23:25:02.640118+00;0;0;0;0;0
32ecdf8e-f569-4291-82ab-6b86bddae4ff;b71b9ee5-7c13-403f-b46a-97efa3a316d1;f9937f7d-4574-4588-9635-c950f8fb58f8;36;0;0;2025-12-20 13:54:15.096482+00;2025-12-20 13:54:15.096482+00;0;0;0;0;0
871acbf2-9424-4876-b28e-c1fa8f2e2789;b71b9ee5-7c13-403f-b46a-97efa3a316d1;f9937f7d-4574-4588-9635-c950f8fb58f8;36;0;0;2025-12-20 13:57:03.578384+00;2025-12-20 13:57:03.578384+00;0;0;0;0;0
0b7dcb12-3307-4b21-9bd3-bd932232e0f9;b71b9ee5-7c13-403f-b46a-97efa3a316d1;f9937f7d-4574-4588-9635-c950f8fb58f8;36;0;0;2025-12-20 14:11:18.375462+00;2025-12-20 14:11:18.375462+00;0;0;0;0;0
f68a09f6-37a4-4937-a54f-34af4a50baf8;b71b9ee5-7c13-403f-b46a-97efa3a316d1;f9937f7d-4574-4588-9635-c950f8fb58f8;36;0;0;2025-12-20 14:25:18.889953+00;2025-12-20 14:25:18.889953+00;0;0;0;0;0
f1ef7156-710e-4958-8890-67e604442fec;b71b9ee5-7c13-403f-b46a-97efa3a316d1;f9937f7d-4574-4588-9635-c950f8fb58f8;36;0;0;2025-12-20 18:32:19.923436+00;2025-12-20 18:32:19.923436+00;0;0;0;0;0
58ca124e-85d9-48bc-8a13-31cad2a87b34;b71b9ee5-7c13-403f-b46a-97efa3a316d1;f9937f7d-4574-4588-9635-c950f8fb58f8;36;0;0;2025-12-20 18:40:37.353466+00;2025-12-20 18:40:37.353466+00;0;0;0;0;0
2a7336ea-fb78-40ed-9dd1-4f03c21f0a7a;b71b9ee5-7c13-403f-b46a-97efa3a316d1;f9937f7d-4574-4588-9635-c950f8fb58f8;36;0;0;2025-12-21 14:52:38.901933+00;2025-12-21 14:52:38.901933+00;0;0;0;0;0
8ad535e4-c91b-43d6-af59-20f3dc7f70ca;b71b9ee5-7c13-403f-b46a-97efa3a316d1;bfc8d176-0456-43a2-a7b5-ff22ac54a66e;63;0;0;2025-12-21 18:42:05.225462+00;2025-12-21 18:42:05.225462+00;0;0;0;0;0
74c886f1-0d74-43d4-9013-dad5a2a1f004;b71b9ee5-7c13-403f-b46a-97efa3a316d1;776721a5-4d1f-4079-83aa-f01df260e487;47;0;0;2025-12-21 19:45:58.606368+00;2025-12-21 19:45:58.606368+00;0;0;0;0;0
e4106645-4ce7-47a9-9fc4-bfaa0dde3e54;b71b9ee5-7c13-403f-b46a-97efa3a316d1;97f0c7ed-bdfa-45c1-8a66-fe2d30289e7e;19;0;0;2025-12-23 18:56:06.583058+00;2025-12-23 18:56:06.583058+00;0;0;0;0;0
6d1b5183-85f3-42fb-af53-f1dc44700fee;b71b9ee5-7c13-403f-b46a-97efa3a316d1;8a847f33-d171-483e-8b3e-6a6df2a9fa7b;36;0;0;2025-12-23 20:16:36.130499+00;2025-12-23 20:16:36.130499+00;0;0;0;0;0
49472a2e-c005-4740-bd01-44a96b31795f;b71b9ee5-7c13-403f-b46a-97efa3a316d1;051b281c-271b-4b55-90b3-2ceecd033026;18;0;0;2025-12-23 22:21:03.547134+00;2025-12-23 22:21:03.547134+00;0;0;0;0;0
123c6b45-c984-4e8c-910f-316222d3042b;b71b9ee5-7c13-403f-b46a-97efa3a316d1;8a847f33-d171-483e-8b3e-6a6df2a9fa7b;36;0;0;2025-12-24 00:41:20.231746+00;2025-12-24 00:41:20.231746+00;0;0;0;0;0
46cee3e7-e1dd-419b-85a9-ddb907f985a0;b71b9ee5-7c13-403f-b46a-97efa3a316d1;8a847f33-d171-483e-8b3e-6a6df2a9fa7b;36;0;0;2025-12-24 00:45:54.201784+00;2025-12-24 00:45:54.201784+00;0;0;0;0;0
9bfc2d42-8b5c-4e15-90ba-e41033c29980;b71b9ee5-7c13-403f-b46a-97efa3a316d1;8a847f33-d171-483e-8b3e-6a6df2a9fa7b;36;0;0;2025-12-24 00:59:46.99505+00;2025-12-24 00:59:46.99505+00;0;0;0;0;0
a3d875a5-bdeb-45c8-bea5-be17badeadc7;b71b9ee5-7c13-403f-b46a-97efa3a316d1;8a847f33-d171-483e-8b3e-6a6df2a9fa7b;36;0;0;2025-12-24 01:03:20.410107+00;2025-12-24 01:03:20.410107+00;0;0;0;0;0
c2971d41-6a6e-46bd-ba1f-3587ac1896dd;b71b9ee5-7c13-403f-b46a-97efa3a316d1;8a847f33-d171-483e-8b3e-6a6df2a9fa7b;36;0;0;2025-12-24 01:05:12.019161+00;2025-12-24 01:05:12.019161+00;0;0;0;0;0
8fd848dc-2e59-42e3-b4e4-b4d91d57de20;b71b9ee5-7c13-403f-b46a-97efa3a316d1;8a847f33-d171-483e-8b3e-6a6df2a9fa7b;36;0;0;2025-12-24 01:06:03.658683+00;2025-12-24 01:06:03.658683+00;0;0;0;0;0
cafd22fd-ad76-4ed3-a31a-d786c99e9d6d;b71b9ee5-7c13-403f-b46a-97efa3a316d1;8a847f33-d171-483e-8b3e-6a6df2a9fa7b;36;0;0;2025-12-24 01:06:52.513221+00;2025-12-24 01:06:52.513221+00;0;0;0;0;0
fd0a17ac-2e88-4541-8254-30e995616306;b71b9ee5-7c13-403f-b46a-97efa3a316d1;8a847f33-d171-483e-8b3e-6a6df2a9fa7b;36;0;0;2025-12-24 01:09:47.601155+00;2025-12-24 01:09:47.601155+00;0;0;0;0;0
20560db7-415d-4004-b4e8-a93ce799498f;b71b9ee5-7c13-403f-b46a-97efa3a316d1;8a847f33-d171-483e-8b3e-6a6df2a9fa7b;36;0;0;2025-12-24 01:11:06.648396+00;2025-12-24 01:11:06.648396+00;0;0;0;0;0
b8518033-3fde-41c2-a8eb-131e83f85793;4272e641-ed75-4390-8100-98e4ed949581;01309a4b-92e0-426b-9ec2-99b2c2f5cefc;27;0;0;2026-01-05 15:26:21.450939+00;2026-01-05 15:26:21.450939+00;0;0;0;0;0
b24e452b-7409-4d9e-adfd-563bab16eba2;4272e641-ed75-4390-8100-98e4ed949581;49ac380c-f172-447d-b6af-67435bcd0ce8;202;2;0;2026-01-06 08:36:27.310756+00;2026-01-06 08:36:27.310756+00;0;0;0;0;0
332e0d08-751e-41f6-ad16-d9e8e4f11d86;4272e641-ed75-4390-8100-98e4ed949581;103c6aed-126a-4605-8de2-05dbd8311a2d;44;0;0;2026-01-06 10:11:33.053054+00;2026-01-06 10:11:33.053054+00;0;0;0;0;0
cc49c534-30ef-41b9-bc4e-952feb8dcb08;4272e641-ed75-4390-8100-98e4ed949581;a50b55c6-20dd-469a-ad86-4871cd3da824;9;0;0;2026-01-06 11:01:12.56985+00;2026-01-06 11:01:12.56985+00;0;0;0;0;0
8d705935-07d6-4e97-9b64-97fb28d54d4c;4272e641-ed75-4390-8100-98e4ed949581;10077c38-85e6-4e6a-92eb-7941b54491a6;399;0;0;2026-01-08 10:46:15.427092+00;2026-01-08 10:46:15.427092+00;0;0;0;0;0
23beead0-1224-42fe-8473-e336ffe798f7;bba17cb9-8d78-4503-8b1d-f47a3cd2e4f8;20ced6a0-4989-46fd-9d8c-c8e9c2692291;45;0;0;2026-01-09 09:26:00.810591+00;2026-01-09 09:26:00.810591+00;0;0;0;0;0
cc6f57d7-8d87-414b-95b0-49fdd5c56910;bba17cb9-8d78-4503-8b1d-f47a3cd2e4f8;82d7b81b-0b06-4873-8430-862e777378c6;37;0;0;2026-01-09 17:36:25.640911+00;2026-01-09 17:36:25.640911+00;0;0;0;0;0
49792c9f-05ef-4e6d-bcb7-a9647ed2b681;4272e641-ed75-4390-8100-98e4ed949581;238dd101-4714-4de4-b6a3-c419d46f7ecd;261;0;0;2026-01-13 11:21:45.010185+00;2026-01-13 11:21:45.010185+00;0;0;0;0;0
eccfbfb5-fe9e-49b6-b965-f70a1b2817ca;4272e641-ed75-4390-8100-98e4ed949581;238dd101-4714-4de4-b6a3-c419d46f7ecd;261;0;0;2026-01-13 22:13:49.681115+00;2026-01-13 22:13:49.681115+00;0;0;0;0;0
1a938930-2160-480e-8331-e565bd8f4e41;b71b9ee5-7c13-403f-b46a-97efa3a316d1;77e218f8-0090-4646-a9d4-a17fa6e483d0;5;0;0;2026-01-15 15:23:06.256234+00;2026-01-15 15:23:06.256234+00;0;0;0;0;0
215dc3d4-6f47-4e5e-be4e-665d180f07ba;b71b9ee5-7c13-403f-b46a-97efa3a316d1;773b41ad-c671-4f08-b433-2cf9085129e3;5;0;0;2026-01-15 19:11:51.305938+00;2026-01-15 19:11:51.305938+00;0;0;0;0;0
b8cde1be-086d-4835-910b-3373aa5e4471;4272e641-ed75-4390-8100-98e4ed949581;10077c38-85e6-4e6a-92eb-7941b54491a6;45;0;0;2026-01-15 19:58:32.037323+00;2026-01-15 19:58:32.037323+00;0;0;0;0;0
105fd202-1d82-45d2-a8b2-f8a992827f54;4272e641-ed75-4390-8100-98e4ed949581;10077c38-85e6-4e6a-92eb-7941b54491a6;45;0;0;2026-01-15 19:59:05.539391+00;2026-01-15 19:59:05.539391+00;0;0;0;0;0
9c6447b9-6711-4112-85ea-bac70f5e5940;b71b9ee5-7c13-403f-b46a-97efa3a316d1;7c99a5c3-b3d9-4fd3-b996-a2b19dca490a;5;0;5;2026-01-15 20:01:28.034584+00;2026-01-15 20:01:28.034584+00;0;0;0;0;0
380f2c1d-5c57-48b6-acac-436a449106fd;4272e641-ed75-4390-8100-98e4ed949581;d616f126-f24d-4455-8c2e-e5cfc38de71b;64;0;5;2026-02-02 10:22:42.77313+00;2026-02-02 10:22:42.77313+00;10;8;8;56;69
3f03c76d-91a8-44bd-a763-730d0089db53;4272e641-ed75-4390-8100-98e4ed949581;1f33b46c-a766-40c4-a414-a7bb5809e887;596;0;60;2026-02-02 10:23:10.359614+00;2026-02-02 10:23:10.359614+00;87;72;76;520;656
d3ab08da-0150-4187-bb56-38d23e2ed515;4272e641-ed75-4390-8100-98e4ed949581;ae6548b1-23aa-41ea-9d8f-369585a34aa1;753;0;100;2026-02-02 10:27:58.479254+00;2026-02-02 10:27:58.479254+00;106;93;97;656;853
3e782760-08e6-4b85-baf7-d334c6ed4f8c;4272e641-ed75-4390-8100-98e4ed949581;6f19ad8a-7e91-417b-ae5a-089d2901b879;623;0;70;2026-02-02 10:53:33.89463+00;2026-02-02 10:53:33.89463+00;80;71;71;552;693
a28351c0-f1b4-4220-9ee0-b6a5addf84a9;b71b9ee5-7c13-403f-b46a-97efa3a316d1;5c4769cd-c69d-4d96-bb6f-d78d9ddad997;18;0;0;2026-02-02 13:23:48.910286+00;2026-02-02 13:23:48.910286+00;2;2;2;16;18
00bbf35b-f472-40bb-9389-92f07a227294;b71b9ee5-7c13-403f-b46a-97efa3a316d1;c829ee16-bf4a-4923-8a37-76f8a873c850;32;0;5;2026-01-25 00:20:19.14041+00;2026-01-25 00:20:19.14041+00;8;4;8;24;37
1b045354-0915-43ac-8ddb-64ff8d9e448e;b71b9ee5-7c13-403f-b46a-97efa3a316d1;0b7e2cd4-6cfc-4ac2-a9cf-769ac229b130;45;0;0;2026-01-25 00:39:18.992298+00;2026-01-25 00:39:18.992298+00;5;5;5;40;45
476c3736-fdfe-4c58-9f48-63c5561a7334;b71b9ee5-7c13-403f-b46a-97efa3a316d1;a7f7c5ae-f789-4973-bda2-ba16139aafa8;46;0;0;2026-01-25 17:17:12.052174+00;2026-01-25 17:43:46.001625+00;6;5;6;40;46
eec5cec5-da81-45ba-85d8-056c1cc07378;b71b9ee5-7c13-403f-b46a-97efa3a316d1;4296f164-8a88-4276-bf92-c1312f80ccfb;46;0;0;2026-01-25 17:49:08.792373+00;2026-01-25 17:49:08.792373+00;6;5;6;40;46
79b44415-b66e-4b85-8047-ef7dd4d1dff6;b71b9ee5-7c13-403f-b46a-97efa3a316d1;ef8dbce9-5f63-419a-b312-b432e511430f;941;0;85;2026-01-25 19:19:12.292475+00;2026-01-25 19:19:12.292475+00;137;114;109;832;1026
174631d4-e5e2-422f-95ce-4e4aa097b98b;b71b9ee5-7c13-403f-b46a-97efa3a316d1;e4a125e4-1649-48d5-92a9-cd15485a22c5;1053;0;120;2026-01-25 19:36:03.81683+00;2026-01-25 19:36:03.81683+00;156;122;125;928;1173
91c62de4-992f-462f-9d2b-8c577c1fb53e;b71b9ee5-7c13-403f-b46a-97efa3a316d1;cda97136-777a-4f55-9944-a038e78e4b29;287;0;35;2026-01-25 19:57:40.189721+00;2026-01-25 19:57:40.189721+00;156;33;39;248;322
5e6ed857-8104-40ef-9eec-a2fd72175469;4272e641-ed75-4390-8100-98e4ed949581;aab0c3ce-eab9-4c96-b01c-8f61add09e7c;1612;0;110;2026-01-26 11:22:04.770618+00;2026-01-26 11:22:04.770618+00;200;185;172;1440;1722
01722b5e-fb21-4fc1-8f89-062e7450e142;b71b9ee5-7c13-403f-b46a-97efa3a316d1;f0653ae9-925b-462f-9fdf-06ff868a544a;46;0;0;2026-01-26 12:06:36.138086+00;2026-01-26 12:06:36.138086+00;6;5;6;40;46
b39e6021-b02c-4d0d-a02b-a946e88bc094;4272e641-ed75-4390-8100-98e4ed949581;ba20b92a-ee09-41cf-9d82-ce5037d2ba34;696;0;30;2026-01-26 12:12:35.474372+00;2026-01-26 12:12:35.474372+00;85;80;72;624;726
a7314f77-cfaa-4b88-926e-6d4b10e7a19b;4272e641-ed75-4390-8100-98e4ed949581;f1505400-3340-4605-bea2-e7eacdd6eba4;253;0;25;2026-01-26 12:13:31.2822+00;2026-01-26 12:13:31.2822+00;33;31;29;224;278
3e95bbac-067f-427c-97ac-012a1a9ccca3;b71b9ee5-7c13-403f-b46a-97efa3a316d1;50e43094-d04f-4cc9-a984-9494f1983953;46;0;0;2026-01-27 10:24:51.865222+00;2026-01-27 10:24:51.865222+00;6;5;6;40;46
2cfbadea-38e0-41d0-9de6-1398bd5431a0;b71b9ee5-7c13-403f-b46a-97efa3a316d1;f5ecef3b-7de3-4177-a62f-ce8325730145;45;0;0;2026-01-27 10:50:49.141154+00;2026-01-27 10:50:49.141154+00;5;5;5;40;45
58a4f061-b32c-4e29-9732-90b1918e5190;b71b9ee5-7c13-403f-b46a-97efa3a316d1;de327fcb-5738-407e-bc3a-04f6125273dd;45;0;0;2026-01-27 10:54:59.420079+00;2026-01-27 10:54:59.420079+00;5;5;5;40;45
4f6c1070-e33f-4ca8-8f5b-38ec525b5597;4272e641-ed75-4390-8100-98e4ed949581;67476716-060e-4ce2-9293-753f0661cc64;28;0;10;2026-01-27 10:57:35.851829+00;2026-01-27 10:57:35.851829+00;4;4;4;24;38
c8763288-b409-4bf7-833b-e96299e0be5e;4272e641-ed75-4390-8100-98e4ed949581;55f7c7ff-9ee3-42ec-a54e-30e0d44de369;629;0;100;2026-01-27 11:05:14.73693+00;2026-01-27 11:05:14.73693+00;86;75;69;560;729
2371b6d8-d41b-4b2f-805e-3123e283fd56;4272e641-ed75-4390-8100-98e4ed949581;d154f8fe-7f29-4b6c-862c-108cae8d5a03;700;0;100;2026-01-27 11:14:41.69713+00;2026-01-27 11:14:41.69713+00;101;85;92;608;800
075a1745-5acf-4efd-bd75-4b400dc48861;b71b9ee5-7c13-403f-b46a-97efa3a316d1;056a303e-65f7-44da-a656-8ee0c23db518;45;0;0;2026-01-30 13:40:51.406024+00;2026-01-30 13:40:51.406024+00;5;5;5;40;45
3ae1a43d-5077-4df3-89a7-06b79d77c7ae;b71b9ee5-7c13-403f-b46a-97efa3a316d1;07a2c93c-71a9-4379-a818-0718f31ce0fd;45;0;0;2026-01-30 13:42:34.27211+00;2026-01-30 13:42:34.27211+00;5;5;5;40;45
287620a6-2a50-4f49-b524-0f8ad418a5ca;b71b9ee5-7c13-403f-b46a-97efa3a316d1;19861708-ff20-450b-ad01-00cbf4cfada7;27;0;0;2026-01-30 13:44:21.235288+00;2026-01-30 13:44:21.235288+00;3;3;3;24;27
583fb43a-a9c9-4888-8175-a07e193a38e4;26a051b3-bbfc-43f9-aa42-cdb9a6989199;5b099432-e34a-404e-8f25-69db1db7a97b;9;0;0;2026-01-30 19:29:14.850256+00;2026-01-30 19:29:14.850256+00;1;1;1;8;9
fd062d57-ad12-490a-b880-f2ac435f8fcd;b71b9ee5-7c13-403f-b46a-97efa3a316d1;cf7bb2c3-16ae-451d-843e-2671c6e317d8;45;0;0;2026-02-01 22:24:33.42+00;2026-02-01 22:24:33.42+00;5;5;5;40;45
a0419638-362a-4e70-8ce2-e7b04a88764d;4272e641-ed75-4390-8100-98e4ed949581;42cc2440-bfff-4664-bd04-9c121bf0325c;1;0;0;2026-02-02 08:40:36.236259+00;2026-02-02 08:40:36.236259+00;352;0;1;0;1
d52f24d9-4022-41fc-bfc0-3b44cfc3dbf9;4272e641-ed75-4390-8100-98e4ed949581;e16e28a4-1e25-4449-956b-0d971b70836f;3142;0;355;2026-02-02 08:43:33.776984+00;2026-02-02 08:43:33.776984+00;426;363;342;2800;3497
15551b31-8642-415a-8541-58a1dd7e6f61;b71b9ee5-7c13-403f-b46a-97efa3a316d1;0a7b88ec-ba42-435f-a87b-5fbc6f334e5b;5;0;0;2026-02-02 09:48:31.186506+00;2026-02-02 09:48:31.186506+00;5;0;5;0;5
93db945f-6ea1-4841-84d1-da54818dadfe;b71b9ee5-7c13-403f-b46a-97efa3a316d1;bc8887f0-d66f-4b55-af0d-021517bcd684;45;0;0;2026-02-02 09:53:19.7487+00;2026-02-02 09:53:19.7487+00;5;5;5;40;45
c61e2891-e750-49e9-8556-352ccaea6ab1;b71b9ee5-7c13-403f-b46a-97efa3a316d1;1e9e6752-551e-4d5c-b94e-b91c6f4023da;45;0;0;2026-02-02 10:00:34.391385+00;2026-02-02 10:00:34.391385+00;5;5;5;40;45
17b1d24c-4eaa-4c79-b896-c356470c8d71;4272e641-ed75-4390-8100-98e4ed949581;d0e23ebc-a335-4b62-8142-f1170091dcaa;1101;0;130;2026-02-02 10:18:42.305852+00;2026-02-02 10:18:42.305852+00;148;130;133;968;1231
11ef1395-7586-4221-8e30-7a7823ff43fd;4272e641-ed75-4390-8100-98e4ed949581;63f4754b-bd26-4cca-b72d-120614b30c1d;899;0;120;2026-02-02 10:19:54.263049+00;2026-02-02 10:19:54.263049+00;123;106;107;792;1019
c20a3c81-e350-4e99-bf5a-1774b18d9a14;4272e641-ed75-4390-8100-98e4ed949581;890fa0fd-b63f-4c08-b4de-7bc1b4ffe5e4;611;0;95;2026-02-02 10:20:43.508803+00;2026-02-02 10:20:43.508803+00;84;76;75;536;706
c31206a1-b972-4fcd-85fc-dd54e33c9c5c;b71b9ee5-7c13-403f-b46a-97efa3a316d1;32291436-bebf-457c-8845-5b84ec1c78f6;36;0;5;2026-02-02 13:29:02.975415+00;2026-02-02 13:29:02.975415+00;5;4;4;32;41
af2faedc-66ed-45f2-b81d-795430c60522;b71b9ee5-7c13-403f-b46a-97efa3a316d1;2671d297-9930-4218-bab8-ad7995ab8e84;157;0;10;2026-02-02 13:41:48.089633+00;2026-02-02 13:41:48.089633+00;26;17;21;136;167
50d9f23c-c73a-42b6-a2d5-b8e525d16305;b71b9ee5-7c13-403f-b46a-97efa3a316d1;87ede0c4-8bc7-42d1-933b-0f3f70a4e2d3;157;0;5;2026-02-02 13:51:26.916097+00;2026-02-02 13:51:26.916097+00;26;17;21;136;162
8b6d41d7-a1cf-4b3b-b564-57f62525e5fb;26a051b3-bbfc-43f9-aa42-cdb9a6989199;b2b870cf-9a13-4b3d-bfef-31a78753ab01;18;0;0;2026-02-03 18:49:09.501893+00;2026-02-03 19:20:08.37715+00;5;2;2;16;18
662ed5b1-52bb-4a94-b3ee-cd84c547f0b1;26a051b3-bbfc-43f9-aa42-cdb9a6989199;76e91a4f-a974-476e-950b-d171497bb1ba;18;0;0;2026-02-03 20:03:08.063174+00;2026-02-03 20:03:08.063174+00;5;2;2;16;18
6888ba16-3510-40e5-bff9-5b28fac013d1;b71b9ee5-7c13-403f-b46a-97efa3a316d1;221b4f2a-910e-44d7-af93-8707a8740a8e;27;0;0;2026-02-03 20:09:29.065847+00;2026-02-03 20:09:29.065847+00;6;3;3;24;27
3a6e700a-363f-4286-b6e2-d01c1e4c4a43;b71b9ee5-7c13-403f-b46a-97efa3a316d1;dcf132b4-4010-473b-9368-fe106932e68c;27;0;0;2026-02-03 20:23:03.917555+00;2026-02-03 20:25:04.688083+00;6;3;3;24;27
35e8532e-2e77-4c6e-957f-738e6061bb53;b71b9ee5-7c13-403f-b46a-97efa3a316d1;0a3028c9-6348-435b-b67f-98c2506c02ee;27;0;0;2026-02-03 20:25:53.212953+00;2026-02-03 20:25:53.212953+00;6;3;3;24;27
a084d8a1-16bd-42fb-940a-d1d55c7b3a42;b71b9ee5-7c13-403f-b46a-97efa3a316d1;c39719b8-5918-4714-a031-86a371b7e4b5;36;0;5;2026-02-03 20:34:45.069206+00;2026-02-03 20:34:45.069206+00;5;4;4;32;41
df4046dc-f91f-4829-a533-822c8e9e138e;b71b9ee5-7c13-403f-b46a-97efa3a316d1;48a7c4a5-b489-4728-85f2-fc3da58676a9;27;0;5;2026-02-03 20:35:54.12511+00;2026-02-03 20:35:54.12511+00;3;3;3;24;32
06b21cb3-34fa-4860-8dd0-1391d1eabbd1;4272e641-ed75-4390-8100-98e4ed949581;3b26e1bc-d71e-4a6b-b403-b284204ecee5;18;0;0;2026-02-04 08:32:41.955049+00;2026-02-04 08:32:41.955049+00;2;2;2;16;18
4382ec42-16d7-4ff6-8ba1-a2605d14f99a;b71b9ee5-7c13-403f-b46a-97efa3a316d1;8e09ac8a-9d9f-4173-8b30-f6528eb35b97;27;0;0;2026-02-04 09:13:40.063109+00;2026-02-04 09:13:40.063109+00;6;3;3;24;27
6f33686a-eee8-43e1-94e4-0ea250cff611;b71b9ee5-7c13-403f-b46a-97efa3a316d1;f25016b3-184a-4858-9ef4-c22e9e7e46a6;27;0;0;2026-02-04 09:15:36.571013+00;2026-02-04 09:15:36.571013+00;6;3;3;24;27
799a31ec-1237-493e-a9cf-2162ad771a5f;4272e641-ed75-4390-8100-98e4ed949581;d01b0f46-5e01-4ffc-a36c-b05908df9245;18;0;0;2026-02-04 09:21:06.050296+00;2026-02-04 09:21:06.050296+00;2;2;2;16;18
f517326d-61d3-456e-a940-d39a277191e0;64f6912f-e055-4fc7-a94c-fd1c395a125f;d95cd7fc-6ea2-4772-955a-0bca55f2286a;118;0;10;2026-02-04 11:06:27.006205+00;2026-02-04 11:06:27.006205+00;87;15;14;104;128
c34668b5-f0b1-4432-bb35-4b9cef26a866;64f6912f-e055-4fc7-a94c-fd1c395a125f;0f5caa99-4e15-4be6-a466-66c78383655f;117;0;25;2026-02-06 12:51:09.101531+00;2026-02-06 12:51:09.101531+00;99;15;13;104;142
84b57762-430c-47d9-989b-1ccc8a61d8b2;4272e641-ed75-4390-8100-98e4ed949581;da90f0fd-d9d3-41e6-990d-71cca96fbd16;520;0;40;2026-02-10 08:53:20.054355+00;2026-02-10 08:53:20.054355+00;68;62;56;464;560
6cabb1a0-1dac-4a71-9c6d-cec194f08b06;4272e641-ed75-4390-8100-98e4ed949581;c14c38f8-9bb5-40db-ba43-86628eb96d20;720;0;90;2026-02-10 08:58:13.656518+00;2026-02-10 08:58:13.656518+00;100;88;88;632;810
57c19c61-27c0-491d-af5d-890a14fc3df0;4272e641-ed75-4390-8100-98e4ed949581;c3856bb9-b1bd-482d-aa70-4dedcff933ec;629;0;90;2026-02-10 10:08:42.341632+00;2026-02-10 10:08:42.341632+00;100;79;77;552;719
6411fd4a-77a6-43a2-938e-f17c5febb925;4272e641-ed75-4390-8100-98e4ed949581;bb0052b6-e2a2-4807-954f-2f6909a2821e;9;0;0;2026-02-12 13:33:34.717543+00;2026-02-12 13:33:34.717543+00;1;1;1;8;9
f3f3156c-3597-44ba-962c-3092b6d84ffe;4272e641-ed75-4390-8100-98e4ed949581;5ef2788f-22bb-4532-b8da-3a65500b4355;9;0;0;2026-02-12 13:37:43.624908+00;2026-02-12 13:37:43.624908+00;1;1;1;8;9
cb62f2bc-8be1-42a6-8d26-7c8133141ef8;4272e641-ed75-4390-8100-98e4ed949581;3cee8b84-dc80-47e1-9695-e395f0d96da1;9;0;0;2026-02-12 13:38:34.162165+00;2026-02-12 13:38:34.162165+00;1;1;1;8;9
e8b9abc1-6528-45d0-9b5b-acb3af11acfe;4272e641-ed75-4390-8100-98e4ed949581;ad45f03e-7839-488c-8cf7-a57d4b42d8f9;938;0;110;2026-02-13 08:51:56.509022+00;2026-02-13 08:51:56.509022+00;132;112;114;824;1048
5d16b59f-ebc5-41bb-8e77-61a219c89f19;4272e641-ed75-4390-8100-98e4ed949581;e236ab5a-e71f-44ae-bb26-cdbb1875588f;1245;0;170;2026-02-13 09:07:12.032262+00;2026-02-13 09:07:12.032262+00;182;150;157;1088;1415
0edbb3bc-be28-46e7-9b8f-b87f0e94e6a8;bba17cb9-8d78-4503-8b1d-f47a3cd2e4f8;31239ef1-dd96-4379-aa29-13bb28ac40cb;18;0;5;2026-02-16 07:03:17.84943+00;2026-02-16 07:03:17.84943+00;2;2;2;16;23
12921151-8c3c-4ffe-b4ef-dae2f7112d5e;4272e641-ed75-4390-8100-98e4ed949581;ad5ef2e0-5be6-41ce-abc4-51d80e93011d;54;0;10;2026-02-17 08:59:33.848354+00;2026-02-17 08:59:33.848354+00;100;8;6;48;64
322c2578-4aaf-4cf1-b119-8bb3cbe2e00a;4272e641-ed75-4390-8100-98e4ed949581;b0b120f1-8a68-4be7-8f4a-b4e6f65e8ec8;61;0;0;2026-02-17 09:06:58.779364+00;2026-02-17 09:06:58.779364+00;100;7;5;56;61
810bb0c4-38ce-4264-a911-0ae2675f233b;4272e641-ed75-4390-8100-98e4ed949581;78e67e0c-0fdc-4563-843c-7ca65af281f4;80;0;15;2026-02-17 09:09:03.578036+00;2026-02-17 09:09:03.578036+00;99;9;8;72;95
414876f6-6fca-450a-aa70-3cb7edc4e4e0;4272e641-ed75-4390-8100-98e4ed949581;0a6842ce-1b7b-4f3e-b39f-f98fdd184684;55;0;25;2026-02-17 09:15:50.579302+00;2026-02-17 09:15:50.579302+00;100;8;7;48;80
3ce39c0e-8c41-4de0-bc65-eaf722c63aff;4272e641-ed75-4390-8100-98e4ed949581;79bc18c5-2e50-4f30-b0a5-5f4caf871a66;45;0;0;2026-02-17 09:16:44.862174+00;2026-02-17 09:16:44.862174+00;100;5;5;40;45
01aebd41-a090-42b6-957a-cf1b338500e6;4272e641-ed75-4390-8100-98e4ed949581;3810781d-747e-4852-8dbd-35cfe9b3da9a;8;0;0;2026-02-17 09:20:36.637501+00;2026-02-17 09:20:36.637501+00;22;1;0;8;8
1a826fb4-6a5b-4e29-b12b-4bae3a57e4ab;4272e641-ed75-4390-8100-98e4ed949581;09c57fb7-fab1-466a-88ea-23a1071496f5;39;0;0;2026-02-17 09:26:17.151513+00;2026-02-17 09:26:17.151513+00;98;4;7;32;39
53f0c6a4-14f3-4bf8-b55f-396fc927c8e1;4272e641-ed75-4390-8100-98e4ed949581;c584ca0f-1c4d-487b-9699-b0f49656b9e4;36;0;0;2026-02-17 09:27:32.544522+00;2026-02-17 09:27:32.544522+00;100;4;4;32;36
fe868bc8-1977-4d5d-9fa5-aa5e729b26f6;4272e641-ed75-4390-8100-98e4ed949581;8b44dab7-4a10-47eb-9f03-8b93575a8a6d;12;0;0;2026-02-17 09:31:09.776888+00;2026-02-17 09:31:09.776888+00;100;1;4;8;12
656ca846-0dcd-4da9-8786-83f92d1c14d1;4272e641-ed75-4390-8100-98e4ed949581;e0ae8fdd-c77f-4b9a-81b9-be073c6056a7;11;0;0;2026-02-17 09:38:51.249894+00;2026-02-17 09:38:51.249894+00;100;1;3;8;11
bd6c98a8-0123-4ade-a870-1786cda76bea;4272e641-ed75-4390-8100-98e4ed949581;94745a14-1f3f-4b24-bc8b-50380555a8e2;92;0;0;2026-02-17 09:42:04.362256+00;2026-02-17 09:42:04.362256+00;100;10;12;80;92
8b10e27f-88fa-4abf-95c6-0ab454d83242;4272e641-ed75-4390-8100-98e4ed949581;719d32cd-2ae1-4428-a903-06313e35ca33;46;0;0;2026-02-17 09:45:51.03891+00;2026-02-17 09:45:51.03891+00;100;5;6;40;46
a95929a4-6831-4acb-bd09-cf92e7dad425;b71b9ee5-7c13-403f-b46a-97efa3a316d1;28fc84be-b907-4186-a187-8c1ad528dc3d;18;0;0;2026-02-17 11:03:25.358725+00;2026-02-17 11:03:25.358725+00;100;2;2;16;18
d0bef688-bf9e-46f6-9161-52c949bba624;b71b9ee5-7c13-403f-b46a-97efa3a316d1;b2471f11-b76d-40e7-b9fa-87b51b5554dc;18;0;0;2026-02-17 11:18:24.38456+00;2026-02-17 11:18:24.38456+00;5;2;2;16;18
9af3ecd2-8f45-45a1-bfec-1377a883fd0a;b71b9ee5-7c13-403f-b46a-97efa3a316d1;2a6efdc9-e06e-43f2-beaa-557fba21fb08;18;0;0;2026-02-17 11:21:09.719737+00;2026-02-17 11:21:09.719737+00;5;2;2;16;18
f57af3ab-617c-43db-ab08-09d06063e373;b71b9ee5-7c13-403f-b46a-97efa3a316d1;6143c67d-c48b-43cc-a548-4292a8d26f51;18;0;0;2026-02-17 11:28:14.126765+00;2026-02-17 11:28:14.126765+00;100;2;2;16;18
e05f04ee-0338-4190-890f-c80a3deefe8e;b71b9ee5-7c13-403f-b46a-97efa3a316d1;b9b67e04-5e15-4c27-9410-c53225e44a51;18;0;0;2026-02-17 11:35:17.547482+00;2026-02-17 11:35:17.547482+00;5;2;2;16;18
f8443a1b-ac6c-4d2b-8c0b-31759ffef116;4272e641-ed75-4390-8100-98e4ed949581;d4edd53d-6ee6-472e-bca2-18cdfbe7e3ef;18;0;0;2026-02-17 12:45:33.083983+00;2026-02-17 12:45:33.083983+00;2;2;2;16;18
44587e8e-022f-4aed-9ab3-acf05be2ec8b;4272e641-ed75-4390-8100-98e4ed949581;7fc95f8e-bfc9-419e-ac2f-d004268c162a;9;0;5;2026-02-17 12:50:16.622639+00;2026-02-17 12:50:16.622639+00;1;1;1;8;14
0b690161-9cf7-4d03-a64f-1f45955b17ac;4272e641-ed75-4390-8100-98e4ed949581;ba9e9e04-e68f-4566-8bab-4205f7613056;63;0;5;2026-02-17 13:01:44.823656+00;2026-02-17 13:01:44.823656+00;7;7;7;56;68
0ad96255-63ea-4f93-9a27-e5b11216c0b4;4272e641-ed75-4390-8100-98e4ed949581;bfa19807-27da-408b-9ffa-ba7ae37b3f83;34;0;0;2026-02-17 13:07:58.943561+00;2026-02-17 13:07:58.943561+00;4;4;2;32;34
233521aa-ea7c-4b57-ba7c-a4a33efb91fb;4272e641-ed75-4390-8100-98e4ed949581;30e10a33-d680-44ab-aed9-3d9ddf344069;90;0;10;2026-02-17 13:10:56.84586+00;2026-02-17 13:10:56.84586+00;10;10;10;80;100
2c4dbe2a-a5fd-44c2-be7e-a06bc19d87da;4272e641-ed75-4390-8100-98e4ed949581;4c210ea8-fed7-4503-9e35-893524c99fbd;26;0;5;2026-02-17 13:13:32.444907+00;2026-02-17 13:13:32.444907+00;3;3;2;24;31
b180eed9-5829-4823-a80b-3892c7a4bdd4;4272e641-ed75-4390-8100-98e4ed949581;0c66fb58-0e3d-4231-87d8-01f589e8924f;30;0;20;2026-02-17 13:16:40.709789+00;2026-02-17 13:16:40.709789+00;8;6;6;24;50
2c34b5b1-6ae4-40cc-b5ac-cb273cb17e7f;4272e641-ed75-4390-8100-98e4ed949581;e95215e8-4c83-4938-834a-0d7b1757f0e9;29;0;10;2026-02-17 13:18:54.506849+00;2026-02-17 13:18:54.506849+00;5;5;5;24;39
333ed0a7-c3a1-4c6d-b9aa-b2d9160a0687;4272e641-ed75-4390-8100-98e4ed949581;eb7be2e2-f764-45dc-a99c-f5e8708c95c9;18;0;0;2026-02-17 13:21:25.957915+00;2026-02-17 13:21:25.957915+00;2;2;2;16;18
2f850ac1-f65d-431e-b547-76902c1e98d4;4272e641-ed75-4390-8100-98e4ed949581;c8a1ebe2-7f7a-4f8e-bf4a-488da53c41a4;27;0;0;2026-02-17 13:23:58.161711+00;2026-02-17 13:23:58.161711+00;3;3;3;24;27
b6085bb5-ce2c-4d78-87fb-23c27ed077f9;4272e641-ed75-4390-8100-98e4ed949581;6403cb9c-d92a-4694-a91f-167250ac76be;55;0;0;2026-02-25 11:01:51.353911+00;2026-02-25 11:01:51.353911+00;7;6;7;48;55
0d01270a-4b14-47ec-8eb5-cc3da70b905f;4272e641-ed75-4390-8100-98e4ed949581;b461048f-5c94-43a6-9fb9-de3c284c5597;19;0;0;2026-02-25 11:01:53.211759+00;2026-02-25 11:01:53.211759+00;3;2;3;16;19